<groups><group guid="{00000000-0000-0000-0000-000000000000}" enable="True"><Name>default</Name><Comments>default folder (root)</Comments><LastModifiedTime>7/15/2016 5:18:30 PM</LastModifiedTime><LastModifiedBy>HYPERV004\johan.arwidmark</LastModifiedBy><Member>{a9261d56-041c-4b89-87f8-c73452758634}</Member><Member>{5e0097a1-5464-4759-84cf-6a2c7b2269bf}</Member><Member>{b649c5ac-99fd-44a5-b9d0-5aaf2437f75a}</Member><Member>{c3dc1db0-c4fd-40fc-a0f0-e26254378004}</Member><Member>{3359c71b-812d-460d-9925-2eb74223878b}</Member><Member>{c70d4282-a9f6-43f3-b35b-506e739e8191}</Member><Member>{e49d68e9-213b-4d96-84c9-44f959b27bb7}</Member><Member>{d6e4680b-02d2-4226-b87c-b0018ecabd3c}</Member><Member>{0662217c-5eaa-49d8-a93f-e9a1a84ecef4}</Member><Member>{ff0981c9-5d79-4eae-b78f-6d9599cab3fa}</Member><Member>{5bd74007-fd53-4e71-84e4-cc0a6af6ca43}</Member><Member>{7406e0f9-1a51-43cb-9b48-a3d112dbd661}</Member><Member>{95c2a915-8eda-40db-8bfe-2becb7e0983a}</Member><Member>{002ee88f-e4d3-49d9-bda1-5308bafd996f}</Member><Member>{af76f264-1088-42ec-982e-230828813986}</Member><Member>{023c9534-d6d7-4e94-9165-c056f20577f0}</Member><Member>{0051a4a3-6991-4b9e-b94b-b077ddee5b36}</Member><Member>{85ee88a9-bb47-43db-848d-7fbaabae2486}</Member><Member>{ec2d7142-d5da-4e35-afb1-13e6fbb4d310}</Member><Member>{4e30ef2f-e35d-45d2-acfe-ade63bed55e2}</Member><Member>{27a75524-4b15-43a7-a50c-0d124009e537}</Member><Member>{9a428bc2-40f8-46e4-b924-16c50698ea85}</Member><Member>{6e928f4d-c7ac-4657-9582-06431dbf923a}</Member></group><group guid="{FFFFFFFF-FFFF-FFFF-FFFF-FFFFFFFFFFFF}" enable="True"><Name>hidden</Name><Comments>This folder contains shared source items that have not been made explicitly visible in this deployment share.</Comments></group></groups>