<applications><application guid="{3359c71b-812d-460d-9925-2eb74223878b}" hide="" enable="True"><Name>Configure - Final Cleanup</Name><Comments></Comments><CreatedTime>6/26/2013 10:41:44 AM</CreatedTime><CreatedBy>WIN-QJG36OC866D\Administrator</CreatedBy><LastModifiedTime>6/26/2013 10:41:44 AM</LastModifiedTime><LastModifiedBy>HYPERV001\johan.arwidmark</LastModifiedBy><DisplayName></DisplayName><ShortName>Configure - Final Cleanup</ShortName><Version></Version><Publisher></Publisher><Language></Language><Source>.\Applications\Configure - Final Cleanup</Source><CommandLine>cscript.exe Configure-FinalCleanup.wsf</CommandLine><WorkingDirectory>.\Applications\Configure - Final Cleanup</WorkingDirectory><UninstallKey></UninstallKey><Reboot>False</Reboot></application><application guid="{ff0981c9-5d79-4eae-b78f-6d9599cab3fa}" hide="" enable="True"><Name>Configure - Set Administrator Autologon in Domain</Name><Comments></Comments><CreatedTime>6/26/2013 10:41:44 AM</CreatedTime><CreatedBy>WIN-QJG36OC866D\Administrator</CreatedBy><LastModifiedTime>6/26/2013 10:41:44 AM</LastModifiedTime><LastModifiedBy>HYPERV001\johan.arwidmark</LastModifiedBy><DisplayName></DisplayName><ShortName>Configure - Set Administrator Autologon in Domain</ShortName><Version></Version><Publisher></Publisher><Language></Language><Source>.\Applications\Configure - Set Administrator Autologon in Domain</Source><CommandLine>cscript.exe Configure-SetAdministratorAutologoninDomain.wsf</CommandLine><WorkingDirectory>.\Applications\Configure - Set Administrator Autologon in Domain</WorkingDirectory><UninstallKey></UninstallKey><Reboot>False</Reboot></application><application guid="{95c2a915-8eda-40db-8bfe-2becb7e0983a}" hide="" enable="True"><Name>Install - BGInfo</Name><Comments></Comments><CreatedTime>6/26/2013 10:41:45 AM</CreatedTime><CreatedBy>WIN-QJG36OC866D\Administrator</CreatedBy><LastModifiedTime>6/26/2013 10:41:45 AM</LastModifiedTime><LastModifiedBy>HYPERV001\johan.arwidmark</LastModifiedBy><DisplayName></DisplayName><ShortName>Install - BGInfo</ShortName><Version></Version><Publisher></Publisher><Language></Language><Source>.\Applications\Install - BGInfo</Source><CommandLine>cscript.exe Install-BGInfo.wsf</CommandLine><WorkingDirectory>.\Applications\Install - BGInfo</WorkingDirectory><UninstallKey></UninstallKey><Reboot></Reboot></application><application guid="{c3dc1db0-c4fd-40fc-a0f0-e26254378004}" hide="" enable="True"><Name>Configure - Extend AD for ConfigMgr</Name><Comments></Comments><CreatedTime>9/29/2015 9:29:25 PM</CreatedTime><CreatedBy>HYPERV004\Administrator</CreatedBy><LastModifiedTime>9/29/2015 9:29:25 PM</LastModifiedTime><LastModifiedBy>HYPERV001\johan.arwidmark</LastModifiedBy><DisplayName></DisplayName><ShortName>Configure - Extend AD for ConfigMgr</ShortName><Version></Version><Publisher></Publisher><Language></Language><Source>.\Applications\Configure - Extend AD for ConfigMgr</Source><CommandLine>cscript.exe Configure-ExtendADforConfigMgr.wsf</CommandLine><WorkingDirectory>.\Applications\Configure - Extend AD for ConfigMgr</WorkingDirectory><UninstallKey></UninstallKey><Reboot>False</Reboot></application><application guid="{d6e4680b-02d2-4226-b87c-b0018ecabd3c}" hide="False" enable="True"><Name>Configure - Open Firewall for SQL Server Communication</Name><Comments></Comments><CreatedTime>9/29/2015 9:29:26 PM</CreatedTime><CreatedBy>HYPERV004\Administrator</CreatedBy><LastModifiedTime>9/29/2015 9:29:26 PM</LastModifiedTime><LastModifiedBy>HYPERV001\Administrator</LastModifiedBy><DisplayName></DisplayName><ShortName>Configure - Open Firewall for SQL Server Communication</ShortName><Version></Version><Publisher></Publisher><Language></Language><Source>.\Applications\Configure - Open Firewall for SQL Server Communication</Source><CommandLine>cscript.exe Configure-OpenFirewallforSQLCommunication.wsf</CommandLine><WorkingDirectory>.\Applications\Configure - Open Firewall for SQL Server Communication</WorkingDirectory><UninstallKey></UninstallKey><Reboot>False</Reboot></application><application guid="{0662217c-5eaa-49d8-a93f-e9a1a84ecef4}" hide="" enable="True"><Name>Configure - Set AD permissions for ConfigMgr</Name><Comments></Comments><CreatedTime>9/29/2015 9:29:26 PM</CreatedTime><CreatedBy>HYPERV004\Administrator</CreatedBy><LastModifiedTime>9/29/2015 9:29:26 PM</LastModifiedTime><LastModifiedBy>HYPERV001\johan.arwidmark</LastModifiedBy><DisplayName></DisplayName><ShortName>Configure - Set AD permissions for ConfigMgr</ShortName><Version></Version><Publisher></Publisher><Language></Language><Source>.\Applications\Configure - Set AD permissions for ConfigMgr</Source><CommandLine>cscript.exe Configure-SetADPermissionsForConfigMgr.wsf</CommandLine><WorkingDirectory>.\Applications\Configure - Set AD permissions for ConfigMgr</WorkingDirectory><UninstallKey></UninstallKey><Reboot></Reboot></application><application guid="{5bd74007-fd53-4e71-84e4-cc0a6af6ca43}" hide="False" enable="True"><Name>Configure - Set SQL Server Memory Usage</Name><Comments></Comments><CreatedTime>9/29/2015 9:29:26 PM</CreatedTime><CreatedBy>HYPERV004\Administrator</CreatedBy><LastModifiedTime>9/29/2015 9:29:26 PM</LastModifiedTime><LastModifiedBy>HYPERV001\Administrator</LastModifiedBy><DisplayName></DisplayName><ShortName>Configure - Set SQL Server Memory Usage</ShortName><Version></Version><Publisher></Publisher><Language></Language><Source>.\Applications\Configure - Set SQL Server Memory Usage</Source><CommandLine>cscript.exe Configure-SQLServerMemory.wsf</CommandLine><WorkingDirectory>.\Applications\Configure - Set SQL Server Memory Usage</WorkingDirectory><UninstallKey></UninstallKey><Reboot></Reboot></application><application guid="{7406e0f9-1a51-43cb-9b48-a3d112dbd661}" hide="" enable="True"><Name>Configure - WDS</Name><Comments></Comments><CreatedTime>9/29/2015 9:29:27 PM</CreatedTime><CreatedBy>HYPERV004\Administrator</CreatedBy><LastModifiedTime>9/29/2015 9:29:27 PM</LastModifiedTime><LastModifiedBy>HYPERV001\johan.arwidmark</LastModifiedBy><DisplayName></DisplayName><ShortName>Configure - WDS</ShortName><Version></Version><Publisher></Publisher><Language></Language><Source>.\Applications\Configure - WDS</Source><CommandLine>cscript.exe Configure-WDS.wsf</CommandLine><WorkingDirectory>.\Applications\Configure - WDS</WorkingDirectory><UninstallKey></UninstallKey><Reboot>False</Reboot></application><application guid="{002ee88f-e4d3-49d9-bda1-5308bafd996f}" hide="False" enable="True"><Name>Install - ConfigMgr</Name><Comments></Comments><CreatedTime>9/29/2015 9:29:52 PM</CreatedTime><CreatedBy>HYPERV004\Administrator</CreatedBy><LastModifiedTime>9/29/2015 9:29:52 PM</LastModifiedTime><LastModifiedBy>WIN-QJG36OC866D\Administrator</LastModifiedBy><DisplayName></DisplayName><ShortName>Install - ConfigMgr</ShortName><Version></Version><Publisher></Publisher><Language></Language><Source>.\Applications\Install - ConfigMgr</Source><CommandLine>cscript.exe Install-ConfigMgr.wsf</CommandLine><WorkingDirectory>.\Applications\Install - ConfigMgr</WorkingDirectory><UninstallKey></UninstallKey><Reboot></Reboot></application><application guid="{85ee88a9-bb47-43db-848d-7fbaabae2486}" hide="False" enable="True"><Name>Install - SQL Server 2014 SP1 for Configuration Manager</Name><Comments></Comments><CreatedTime>9/29/2015 9:30:22 PM</CreatedTime><CreatedBy>HYPERV004\Administrator</CreatedBy><LastModifiedTime>1/3/2016 12:08:31 AM</LastModifiedTime><LastModifiedBy>HYPERV003\Administrator</LastModifiedBy><DisplayName></DisplayName><ShortName>Install - SQL Server 2014 SP1</ShortName><Version></Version><Publisher></Publisher><Language></Language><Source>.\Applications\Install - SQL Server 2014</Source><CommandLine>cscript.exe Install-SQL2014forConfigurationManager.wsf</CommandLine><WorkingDirectory>.\Applications\Install - SQL Server 2014</WorkingDirectory><UninstallKey></UninstallKey><Reboot>False</Reboot></application><application guid="{6e928f4d-c7ac-4657-9582-06431dbf923a}" enable="True"><Name>Install - Windows ADK 10</Name><CreatedTime>9/29/2015 9:37:35 PM</CreatedTime><CreatedBy>HYPERV004\Administrator</CreatedBy><LastModifiedTime>9/29/2015 9:37:35 PM</LastModifiedTime><LastModifiedBy>HYPERV004\Administrator</LastModifiedBy><ShortName>Install - Windows ADK 10</ShortName><Version></Version><Publisher></Publisher><Language></Language><Source>.\Applications\Install - Windows ADK 10</Source><CommandLine>cscript.exe Install-WindowsADK.wsf</CommandLine><WorkingDirectory>.\Applications\Install - Windows ADK 10</WorkingDirectory></application><application guid="{a9261d56-041c-4b89-87f8-c73452758634}" hide="" enable="True"><Name>Configure - Create AD Structure</Name><Comments></Comments><CreatedTime>10/6/2015 8:40:20 PM</CreatedTime><CreatedBy>HYPERV004\Administrator</CreatedBy><LastModifiedTime>10/6/2015 8:40:20 PM</LastModifiedTime><LastModifiedBy>HYPERV002\Administrator</LastModifiedBy><DisplayName></DisplayName><ShortName>Configure - Create AD Structure</ShortName><Version></Version><Publisher></Publisher><Language></Language><Source>.\Applications\Configure - Create AD Structure</Source><CommandLine>cscript.exe Configure-CreateADStructure.wsf</CommandLine><WorkingDirectory>.\Applications\Configure - Create AD Structure</WorkingDirectory><UninstallKey></UninstallKey><Reboot>False</Reboot></application><application guid="{5e0097a1-5464-4759-84cf-6a2c7b2269bf}" hide="" enable="True"><Name>Configure - Create AD Subnets</Name><Comments></Comments><CreatedTime>10/6/2015 8:40:21 PM</CreatedTime><CreatedBy>HYPERV004\Administrator</CreatedBy><LastModifiedTime>10/6/2015 8:40:21 PM</LastModifiedTime><LastModifiedBy>HYPERV001\Administrator</LastModifiedBy><DisplayName></DisplayName><ShortName>Configure - Create AD Subnets</ShortName><Version></Version><Publisher></Publisher><Language></Language><Source>.\Applications\Configure - Create AD Subnets</Source><CommandLine>powershell.exe -Command "set-ExecutionPolicy Unrestricted -Force; cpi '%DEPLOYROOT%\Applications\Configure - Create AD Subnets\Configure-CreateADSubnets.ps1' -destination c:\; c:\Configure-CreateADSubnets.ps1; ri c:\*.ps1 -Force; set-ExecutionPolicy Restricted -Force"</CommandLine><WorkingDirectory>.\Applications\Configure - Create AD Subnets</WorkingDirectory><UninstallKey></UninstallKey><Reboot>False</Reboot></application><application guid="{b649c5ac-99fd-44a5-b9d0-5aaf2437f75a}" hide="" enable="True"><Name>Configure - Enterprise CA</Name><Comments></Comments><CreatedTime>10/6/2015 8:40:21 PM</CreatedTime><CreatedBy>HYPERV004\Administrator</CreatedBy><LastModifiedTime>10/6/2015 8:40:21 PM</LastModifiedTime><LastModifiedBy>HYPERV001\Administrator</LastModifiedBy><DisplayName></DisplayName><ShortName>Configure - Enterprise CA</ShortName><Version></Version><Publisher></Publisher><Language></Language><Source>.\Applications\Configure - Enterprise CA</Source><CommandLine>powershell.exe -Command "Set-ExecutionPolicy Unrestricted -Force; cpi '%DEPLOYROOT%\Applications\Configure - Enterprise CA\Configure-EnterpriseCA.ps1' -destination c:\; c:\Configure-EnterpriseCA.ps1; ri c:\*.ps1 -Force; set-ExecutionPolicy Restricted -Force"</CommandLine><WorkingDirectory>.\Applications\Configure - Enterprise CA</WorkingDirectory><UninstallKey></UninstallKey><Reboot>False</Reboot></application><application guid="{af76f264-1088-42ec-982e-230828813986}" hide="" enable="True"><Name>Install - Microsoft .NET Framework 4.6</Name><Comments></Comments><CreatedTime>1/1/2016 11:21:50 PM</CreatedTime><CreatedBy>HYPERV003\Administrator</CreatedBy><LastModifiedTime>1/1/2016 11:21:50 PM</LastModifiedTime><LastModifiedBy>VIAMONSTRA\Administrator</LastModifiedBy><DisplayName></DisplayName><ShortName>Install - Microsoft .NET Framework 4.6</ShortName><Version></Version><Publisher></Publisher><Language></Language><Source>.\Applications\Install - Microsoft .NET Framework 4.6</Source><CommandLine>cscript.exe Install-NetFramework46.wsf</CommandLine><WorkingDirectory>.\Applications\Install - Microsoft .NET Framework 4.6</WorkingDirectory><UninstallKey></UninstallKey><Reboot></Reboot></application><application guid="{023c9534-d6d7-4e94-9165-c056f20577f0}" hide="" enable="True"><Name>Install - Microsoft Visual C++ - x86-x64</Name><Comments></Comments><CreatedTime>1/1/2016 11:21:52 PM</CreatedTime><CreatedBy>HYPERV003\Administrator</CreatedBy><LastModifiedTime>1/1/2016 11:21:52 PM</LastModifiedTime><LastModifiedBy>HYPERV003\Administrator</LastModifiedBy><DisplayName></DisplayName><ShortName>Install - Microsoft Visual C++ - x86-x64</ShortName><Version></Version><Publisher></Publisher><Language></Language><Source>.\Applications\Install - Microsoft Visual C++ - x86-x64</Source><CommandLine>cscript.exe Install-MicrosoftVisualC++x86x64.wsf</CommandLine><WorkingDirectory>.\Applications\Install - Microsoft Visual C++ - x86-x64</WorkingDirectory><UninstallKey></UninstallKey><Reboot></Reboot></application><application guid="{c70d4282-a9f6-43f3-b35b-506e739e8191}" hide="" enable="True"><Name>Configure - Open Firewall for MDT Database</Name><Comments></Comments><CreatedTime>1/1/2016 11:37:57 PM</CreatedTime><CreatedBy>HYPERV003\Administrator</CreatedBy><LastModifiedTime>1/1/2016 11:37:57 PM</LastModifiedTime><LastModifiedBy>HYPERV001\Administrator</LastModifiedBy><DisplayName></DisplayName><ShortName>Configure - Open Firewall for MDT Database</ShortName><Version></Version><Publisher></Publisher><Language></Language><Source>.\Applications\Configure - Open Firewall for MDT Database</Source><CommandLine>cscript.exe Configure-OpenFirewallforMDTDatabase.wsf</CommandLine><WorkingDirectory>.\Applications\Configure - Open Firewall for MDT Database</WorkingDirectory><UninstallKey></UninstallKey><Reboot></Reboot></application><application guid="{0051a4a3-6991-4b9e-b94b-b077ddee5b36}" enable="True"><Name>Install - SQL Server 2014 SP1 Express</Name><CreatedTime>1/1/2016 11:40:43 PM</CreatedTime><CreatedBy>HYPERV003\Administrator</CreatedBy><LastModifiedTime>1/1/2016 11:40:43 PM</LastModifiedTime><LastModifiedBy>HYPERV003\Administrator</LastModifiedBy><ShortName>Install - SQL Server 2014 SP1 Express</ShortName><Version></Version><Publisher></Publisher><Language></Language><Source>.\Applications\Install - SQL Server 2014 SP1 Express</Source><CommandLine>setup.exe</CommandLine><WorkingDirectory>.\Applications\Install - SQL Server 2014 SP1 Express</WorkingDirectory></application><application guid="{e49d68e9-213b-4d96-84c9-44f959b27bb7}" hide="" enable="True"><Name>Configure - Open Firewall for Orchestrator</Name><Comments></Comments><CreatedTime>1/2/2016 11:40:40 PM</CreatedTime><CreatedBy>HYPERV003\Administrator</CreatedBy><LastModifiedTime>1/2/2016 11:40:40 PM</LastModifiedTime><LastModifiedBy>HYPERV001\Administrator</LastModifiedBy><DisplayName></DisplayName><ShortName>Configure - Open Firewall for Orchestrator</ShortName><Version></Version><Publisher></Publisher><Language></Language><Source>.\Applications\Configure - Open Firewall for Orchestrator</Source><CommandLine>cscript.exe Configure-OpenFirewallforOrchestrator.wsf</CommandLine><WorkingDirectory>.\Applications\Configure - Open Firewall for Orchestrator</WorkingDirectory><UninstallKey></UninstallKey><Reboot></Reboot></application><application guid="{27a75524-4b15-43a7-a50c-0d124009e537}" hide="False" enable="True"><Name>Install - System Center 2012 R2 Orchestrator</Name><Comments></Comments><CreatedTime>1/2/2016 11:40:55 PM</CreatedTime><CreatedBy>HYPERV003\Administrator</CreatedBy><LastModifiedTime>1/2/2016 11:40:55 PM</LastModifiedTime><LastModifiedBy>WIN-QJG36OC866D\Administrator</LastModifiedBy><DisplayName></DisplayName><ShortName>Install - System Center 2012 R2 Orchestrator</ShortName><Version></Version><Publisher></Publisher><Language></Language><Source>.\Applications\Install - System Center 2012 R2 Orchestrator</Source><CommandLine>cscript.exe Install-Orchestrator2012R2.wsf</CommandLine><WorkingDirectory>.\Applications\Install - System Center 2012 R2 Orchestrator</WorkingDirectory><UninstallKey></UninstallKey><Reboot>False</Reboot></application><application guid="{9a428bc2-40f8-46e4-b924-16c50698ea85}" enable="True"><Name>Install - System Center 2012 R2 Orchestrator UR8</Name><CreatedTime>1/3/2016 12:01:23 AM</CreatedTime><CreatedBy>HYPERV003\Administrator</CreatedBy><LastModifiedTime>1/3/2016 12:28:31 AM</LastModifiedTime><LastModifiedBy>HYPERV003\Administrator</LastModifiedBy><ShortName>Install - System Center 2012 R2 Orchestrator UR8</ShortName><Version></Version><Publisher></Publisher><Language></Language><Source>.\Applications\Install - System Center 2012 R2 Orchestrator UR8</Source><CommandLine>cscript.exe Install-Orchestrator2012R2UR8.wsf</CommandLine><WorkingDirectory>.\Applications\Install - System Center 2012 R2 Orchestrator UR8</WorkingDirectory><Reboot>False</Reboot></application><application guid="{4e30ef2f-e35d-45d2-acfe-ade63bed55e2}" enable="True"><Name>Install - SQL Server 2014 SP1 for Orchestrator 2012 R2</Name><CreatedTime>1/3/2016 12:08:14 AM</CreatedTime><CreatedBy>HYPERV003\Administrator</CreatedBy><LastModifiedTime>1/3/2016 12:08:14 AM</LastModifiedTime><LastModifiedBy>HYPERV003\Administrator</LastModifiedBy><ShortName>Install - SQL Server 2014 SP1 for Orchestrator 2012 R2</ShortName><Version></Version><Publisher></Publisher><Language></Language><CommandLine>cscript.exe Install-SQL2014forOrchestrator2012R2.wsf</CommandLine><WorkingDirectory>.\Applications\Install - SQL Server 2014</WorkingDirectory></application><application guid="{ec2d7142-d5da-4e35-afb1-13e6fbb4d310}" enable="True"><Name>Install - SQL Server 2014 SP1 for MBAM 2.5</Name><CreatedTime>7/15/2016 5:18:30 PM</CreatedTime><CreatedBy>HYPERV004\johan.arwidmark</CreatedBy><LastModifiedTime>7/15/2016 5:18:30 PM</LastModifiedTime><LastModifiedBy>HYPERV004\johan.arwidmark</LastModifiedBy><ShortName>Install - SQL Server 2014 SP1 for MBAM 2.5</ShortName><Version></Version><Publisher></Publisher><Language></Language><CommandLine>cscript.exe Install-SQL2014forMBAM25.wsf</CommandLine><WorkingDirectory>.\Applications\Install - SQL Server 2014</WorkingDirectory></application></applications>