<oss><os guid="{5531b2db-3c6c-444b-ae79-c60d9112a5df}" enable="True"><Name>Windows Server 2012 R2 Standard Core</Name><CreatedTime>10/18/2013 9:56:26 PM</CreatedTime><CreatedBy>WIN-QJG36OC866D\Administrator</CreatedBy><LastModifiedTime>10/18/2013 9:56:26 PM</LastModifiedTime><LastModifiedBy>WIN-QJG36OC866D\Administrator</LastModifiedBy><Description>Windows Server 2012 R2 SERVERSTANDARDCORE</Description><Platform>x64</Platform><Build>6.3.9600.16408</Build><OSType>Windows IBS</OSType><Source>.\Operating Systems\WS2012R2</Source><IncludesSetup>True</IncludesSetup><SMSImage>False</SMSImage><ImageFile>.\Operating Systems\WS2012R2\Sources\install.wim</ImageFile><ImageIndex>1</ImageIndex><ImageName>Windows Server 2012 R2 SERVERSTANDARDCORE</ImageName><Flags>ServerStandardCore</Flags><HAL>acpiapic</HAL><Size>6345</Size><Language>en-US</Language></os><os guid="{ebeb3bf0-1d31-4fe0-be05-4d4b2a1e6b9c}" enable="True"><Name>Windows Server 2012 R2 Standard</Name><CreatedTime>10/18/2013 9:56:26 PM</CreatedTime><CreatedBy>WIN-QJG36OC866D\Administrator</CreatedBy><LastModifiedTime>10/18/2013 9:56:26 PM</LastModifiedTime><LastModifiedBy>WIN-QJG36OC866D\Administrator</LastModifiedBy><Description>Windows Server 2012 R2 SERVERSTANDARD</Description><Platform>x64</Platform><Build>6.3.9600.16408</Build><OSType>Windows IBS</OSType><Source>.\Operating Systems\WS2012R2</Source><IncludesSetup>True</IncludesSetup><SMSImage>False</SMSImage><ImageFile>.\Operating Systems\WS2012R2\Sources\install.wim</ImageFile><ImageIndex>2</ImageIndex><ImageName>Windows Server 2012 R2 SERVERSTANDARD</ImageName><Flags>ServerStandard</Flags><HAL>acpiapic</HAL><Size>11260</Size><Language>en-US</Language></os><os guid="{b15aa626-cda5-4080-978c-1d5d52ba87f2}" enable="True"><Name>Windows Server 2012 R2 Datacenter Core</Name><CreatedTime>10/18/2013 9:56:26 PM</CreatedTime><CreatedBy>WIN-QJG36OC866D\Administrator</CreatedBy><LastModifiedTime>10/18/2013 9:56:26 PM</LastModifiedTime><LastModifiedBy>WIN-QJG36OC866D\Administrator</LastModifiedBy><Description>Windows Server 2012 R2 SERVERDATACENTERCORE</Description><Platform>x64</Platform><Build>6.3.9600.16408</Build><OSType>Windows IBS</OSType><Source>.\Operating Systems\WS2012R2</Source><IncludesSetup>True</IncludesSetup><SMSImage>False</SMSImage><ImageFile>.\Operating Systems\WS2012R2\Sources\install.wim</ImageFile><ImageIndex>3</ImageIndex><ImageName>Windows Server 2012 R2 SERVERDATACENTERCORE</ImageName><Flags>ServerDataCenterCore</Flags><HAL>acpiapic</HAL><Size>6344</Size><Language>en-US</Language></os><os guid="{c9939aba-5734-4d65-b015-cd88589d9f0d}" enable="True"><Name>Windows Server 2012 R2 Datacenter</Name><CreatedTime>10/18/2013 9:56:26 PM</CreatedTime><CreatedBy>WIN-QJG36OC866D\Administrator</CreatedBy><LastModifiedTime>10/18/2013 9:56:26 PM</LastModifiedTime><LastModifiedBy>WIN-QJG36OC866D\Administrator</LastModifiedBy><Description>Windows Server 2012 R2 SERVERDATACENTER</Description><Platform>x64</Platform><Build>6.3.9600.16408</Build><OSType>Windows IBS</OSType><Source>.\Operating Systems\WS2012R2</Source><IncludesSetup>True</IncludesSetup><SMSImage>False</SMSImage><ImageFile>.\Operating Systems\WS2012R2\Sources\install.wim</ImageFile><ImageIndex>4</ImageIndex><ImageName>Windows Server 2012 R2 SERVERDATACENTER</ImageName><Flags>ServerDataCenter</Flags><HAL>acpiapic</HAL><Size>11262</Size><Language>en-US</Language></os><os guid="{19fc9017-4b75-4f5a-b95a-902fb2632373}" enable="True" hide=""><Name>Windows 7 Enterprise SP1 x64</Name><Comments></Comments><CreatedTime>1/1/2016 11:25:49 PM</CreatedTime><CreatedBy>HYPERV003\Administrator</CreatedBy><LastModifiedTime>1/1/2016 11:25:49 PM</LastModifiedTime><LastModifiedBy>HYPERV003\Administrator</LastModifiedBy><Description>Windows 7 ENTERPRISE</Description><Platform>x64</Platform><Build>6.1.7601.17514</Build><OSType>Windows IBS</OSType><Source>.\Operating Systems\W7SP1X64</Source><IncludesSetup>True</IncludesSetup><SMSImage>False</SMSImage><ImageFile>.\Operating Systems\W7SP1X64\Sources\install.wim</ImageFile><ImageIndex>1</ImageIndex><ImageName>Windows 7 ENTERPRISE</ImageName><Flags>Enterprise</Flags><HAL>acpiapic</HAL><Size>11566</Size><WDSServer></WDSServer><ImageGroup></ImageGroup><Language>en-US</Language></os></oss>