<tss><ts guid="{8b361932-e14e-4d4d-a925-9580548735be}" hide="False" enable="True"><Name>DC01 - Full Installation</Name><Comments>Windows Server 2012 R2 (1 GB RAM minimum, 2 GB RAM recommended)</Comments><CreatedTime>9/21/2015 7:58:45 PM</CreatedTime><CreatedBy>VIAMONSTRA\Administrator</CreatedBy><LastModifiedTime>9/21/2015 9:36:32 PM</LastModifiedTime><LastModifiedBy>VIAMONSTRA\Administrator</LastModifiedBy><ID>DC01</ID><Version>1.0</Version><TaskSequenceTemplate>Server.xml</TaskSequenceTemplate></ts><ts guid="{1f2460ea-e142-426e-9a39-abf455d4edef}" hide="False" enable="True"><Name>CM01 - Full Installation</Name><Comments>WS2012R2, SQL2014SP1, CM (6 GB RAM minimum, 16 GB recommended)</Comments><CreatedTime>9/29/2015 9:32:11 PM</CreatedTime><CreatedBy>HYPERV004\Administrator</CreatedBy><LastModifiedTime>7/8/2016 6:44:21 AM</LastModifiedTime><LastModifiedBy>HYPERV004\Administrator</LastModifiedBy><ID>CM01</ID><Version>1.0</Version><TaskSequenceTemplate>Server.xml</TaskSequenceTemplate></ts><ts guid="{7d62ac60-b01a-43b0-8c8c-b873d2885da7}" hide="False" enable="True"><Name>MDT01 - Full Installation</Name><Comments>WDS, SQL Server 2014 SP1 Express (2 GB RAM minimum)</Comments><CreatedTime>1/1/2016 11:18:37 PM</CreatedTime><CreatedBy>HYPERV003\Administrator</CreatedBy><LastModifiedTime>1/1/2016 11:32:20 PM</LastModifiedTime><LastModifiedBy>HYPERV003\Administrator</LastModifiedBy><ID>MDT01</ID><Version>1.0</Version><TaskSequenceTemplate>Client.xml</TaskSequenceTemplate></ts><ts guid="{f588d22c-c12f-4681-aa18-a8c4041351c9}" hide="False" enable="True"><Name>MDT02 - Full Installation</Name><Comments>Standalone Server (2 GB RAM minimum)</Comments><CreatedTime>1/1/2016 11:19:30 PM</CreatedTime><CreatedBy>HYPERV003\Administrator</CreatedBy><LastModifiedTime>1/1/2016 11:32:36 PM</LastModifiedTime><LastModifiedBy>HYPERV003\Administrator</LastModifiedBy><ID>MDT02</ID><Version>1.0</Version><TaskSequenceTemplate>Client.xml</TaskSequenceTemplate></ts><ts guid="{b029593e-45ca-4d26-a1b1-e683052dbffb}" hide="False" enable="True"><Name>OR01 - Full Installation</Name><Comments>WS2012R2, SQL2014SP1, ORR2 (4 GB RAM minimum, 8 GB recommended)</Comments><CreatedTime>1/1/2016 11:22:33 PM</CreatedTime><CreatedBy>HYPERV003\Administrator</CreatedBy><LastModifiedTime>7/8/2016 6:44:05 AM</LastModifiedTime><LastModifiedBy>HYPERV004\Administrator</LastModifiedBy><ID>OR01</ID><Version>1.0</Version><TaskSequenceTemplate>Client.xml</TaskSequenceTemplate></ts><ts guid="{638fe67a-9f37-48e1-a87c-16d7fa926d36}" hide="False" enable="True"><Name>PC0001 - Full Installation</Name><Comments>Windows 7 SP1 x64, domain Client (1 GB RAM minimum)</Comments><CreatedTime>1/1/2016 11:27:45 PM</CreatedTime><CreatedBy>HYPERV003\Administrator</CreatedBy><LastModifiedTime>1/2/2016 1:34:31 PM</LastModifiedTime><LastModifiedBy>HYPERV003\Administrator</LastModifiedBy><ID>PC0001</ID><Version>1.0</Version><TaskSequenceTemplate>Client.xml</TaskSequenceTemplate></ts><ts guid="{4a8a3132-d5c1-4c79-95eb-6776cde7648c}" hide="False" enable="True"><Name>PC0002 - Full Installation</Name><Comments>Windows 7 SP1 x64, domain Client (1 GB RAM minimum)</Comments><CreatedTime>1/1/2016 11:29:18 PM</CreatedTime><CreatedBy>HYPERV003\Administrator</CreatedBy><LastModifiedTime>1/2/2016 1:34:34 PM</LastModifiedTime><LastModifiedBy>HYPERV003\Administrator</LastModifiedBy><ID>PC0002</ID><Version>1.0</Version><TaskSequenceTemplate>Client.xml</TaskSequenceTemplate></ts><ts guid="{33d850c4-71e2-4ebd-9807-261817fa7e7d}" hide="False" enable="True"><Name>PC0003 - Full Installation</Name><Comments>Windows 7 SP1 x64, domain Client (1 GB RAM minimum)</Comments><CreatedTime>1/1/2016 11:29:35 PM</CreatedTime><CreatedBy>HYPERV003\Administrator</CreatedBy><LastModifiedTime>1/2/2016 1:34:38 PM</LastModifiedTime><LastModifiedBy>HYPERV003\Administrator</LastModifiedBy><ID>PC0003</ID><Version>1.0</Version><TaskSequenceTemplate>Client.xml</TaskSequenceTemplate></ts><ts guid="{3ec7a49b-046f-4d8f-a9b8-2d74605bdee2}" hide="False" enable="True"><Name>PC0004 - Full Installation</Name><Comments>Windows 7 SP1 x64, domain Client (1 GB RAM minimum)</Comments><CreatedTime>1/1/2016 11:29:50 PM</CreatedTime><CreatedBy>HYPERV003\Administrator</CreatedBy><LastModifiedTime>1/2/2016 1:34:43 PM</LastModifiedTime><LastModifiedBy>HYPERV003\Administrator</LastModifiedBy><ID>PC0004</ID><Version>1.0</Version><TaskSequenceTemplate>Client.xml</TaskSequenceTemplate></ts><ts guid="{4186a114-e94a-45ba-892c-b58bc74c767f}" enable="True"><Name>WSUS01 - Full Installation</Name><CreatedTime>2/15/2016 11:24:17 AM</CreatedTime><CreatedBy>HYPERV003\Administrator</CreatedBy><LastModifiedTime>2/15/2016 11:24:17 AM</LastModifiedTime><LastModifiedBy>HYPERV003\Administrator</LastModifiedBy><ID>WSUS01</ID><Version>1.0</Version><TaskSequenceTemplate>Client.xml</TaskSequenceTemplate></ts><ts guid="{5c409963-741b-49f5-b452-7bf895506e95}" hide="False" enable="True"><Name>MBAM01 - Full Installation</Name><Comments>WS2012R2, SQL2014SP1 (4 GB RAM minimum, 8 GB recommended)</Comments><CreatedTime>7/8/2016 6:17:58 AM</CreatedTime><CreatedBy>HYPERV004\Administrator</CreatedBy><LastModifiedTime>7/8/2016 6:43:58 AM</LastModifiedTime><LastModifiedBy>HYPERV004\Administrator</LastModifiedBy><ID>MBAM01</ID><Version>1.0</Version><TaskSequenceTemplate>Server.xml</TaskSequenceTemplate></ts></tss>