<groups><group guid="{00000000-0000-0000-0000-000000000000}" enable="True"><Name>default</Name><Comments>default folder (root)</Comments><LastModifiedTime>7/8/2016 6:17:58 AM</LastModifiedTime><LastModifiedBy>HYPERV004\Administrator</LastModifiedBy><Member>{1f2460ea-e142-426e-9a39-abf455d4edef}</Member><Member>{8b361932-e14e-4d4d-a925-9580548735be}</Member><Member>{5c409963-741b-49f5-b452-7bf895506e95}</Member><Member>{7d62ac60-b01a-43b0-8c8c-b873d2885da7}</Member><Member>{f588d22c-c12f-4681-aa18-a8c4041351c9}</Member><Member>{b029593e-45ca-4d26-a1b1-e683052dbffb}</Member><Member>{638fe67a-9f37-48e1-a87c-16d7fa926d36}</Member><Member>{4a8a3132-d5c1-4c79-95eb-6776cde7648c}</Member><Member>{33d850c4-71e2-4ebd-9807-261817fa7e7d}</Member><Member>{3ec7a49b-046f-4d8f-a9b8-2d74605bdee2}</Member><Member>{4186a114-e94a-45ba-892c-b58bc74c767f}</Member></group><group guid="{FFFFFFFF-FFFF-FFFF-FFFF-FFFFFFFFFFFF}" enable="True"><Name>hidden</Name><Comments>This folder contains shared source items that have not been made explicitly visible in this deployment share.</Comments></group></groups>