<?xml version="1.0"?>
<sequence version="3.00" name="Standard Server Task Sequence" description="A complete task sequence for deploying a server operating system">
  <globalVarList>
    <variable name="OSGUID" property="OSGUID">{ebeb3bf0-1d31-4fe0-be05-4d4b2a1e6b9c}</variable>
    <variable name="DestinationDisk" property="DestinationDisk">0</variable>
    <variable name="DestinationPartition" property="DestinationPartition">1</variable>
    <variable name="DestinationOSVariable" property="DestinationOSVariable">OSDisk</variable>
    <variable name="DestinationOSRefresh" property="DestinationOSRefresh"></variable>
    <variable name="DestinationOSDriveLetter" property="DestinationOSDriveLetter"></variable>
    <variable name="DestinationOSInstallType" property="DestinationOSInstallType">ByVariable</variable>
    <variable name="OSGUID" property="OSGUID">{ebeb3bf0-1d31-4fe0-be05-4d4b2a1e6b9c}</variable>
  </globalVarList>
  <group name="Initialization" disable="false" continueOnError="false" description="Initialize the TS environment" expand="true">
    <step type="BDD_Gather" name="Gather local only" disable="false" continueOnError="false" successCodeList="0 3010" description="" startIn="">
      <defaultVarList>
        <variable name="GatherLocalOnly" property="GatherLocalOnly">true</variable>
        <variable name="RulesFile" property="RulesFile"></variable>
      </defaultVarList>
      <action>cscript.exe "%SCRIPTROOT%\ZTIGather.wsf"</action>
    </step>
    <step type="BDD_Gather" name="Gather Task Sequence Specific Settings" description="" disable="false" continueOnError="false" runIn="WinPEandFullOS" successCodeList="0 3010">
      <defaultVarList>
        <variable name="GatherLocalOnly" property="GatherLocalOnly">false</variable>
        <variable name="RulesFile" property="RulesFile">CustomSettings_%TaskSequenceID%.ini</variable>
      </defaultVarList>
      <action>cscript.exe "%SCRIPTROOT%\ZTIGather.wsf"</action>
    </step>
    <step type="SMS_TaskSequence_SetVariableAction" name="Set New Computer Name" description="" disable="false" continueOnError="false" successCodeList="0 3010">
      <defaultVarList>
        <variable name="VariableName" property="VariableName">OSDComputerName</variable>
        <variable name="VariableValue" property="VariableValue">%HydrationOSDComputerName%</variable>
      </defaultVarList>
      <action>cscript.exe "%SCRIPTROOT%\ZTISetVariable.wsf"</action>
    </step>
  </group>
  <group name="Validation" disable="false" continueOnError="false" description="Test" expand="false">
    <condition>
      <operator type="or">
        <expression type="SMS_TaskSequence_VariableConditionExpression">
          <variable name="Variable">PHASE</variable>
          <variable name="Operator">equals</variable>
          <variable name="Value">VALIDATION</variable>
        </expression>
      </operator>
    </condition>
    <step type="BDD_Validate" name="Validate" successCodeList="0 3010" description="" startIn="" disable="false" continueOnError="false">
      <defaultVarList>
        <variable name="ImageSize" property="ImageSize">0</variable>
        <variable name="ImageProcessorSpeed" property="ImageProcessorSpeed">800</variable>
        <variable name="ImageMemory" property="ImageMemory">768</variable>
        <variable name="VerifyOS" property="VerifyOS">SERVER</variable>
      </defaultVarList>
      <action>cscript.exe "%SCRIPTROOT%\ZTIValidate.wsf"</action>
    </step>
    <step name="Check BIOS" disable="false" continueOnError="false" successCodeList="0 3010" description="" startIn="">
      <action>cscript.exe "%SCRIPTROOT%\ZTIBIOSCheck.wsf"</action>
      <defaultVarList>
        <variable name="RunAsUser" property="RunAsUser">false</variable>
        <variable name="SMSTSRunCommandLineUserName" property="SMSTSRunCommandLineUserName"></variable>
        <variable name="SMSTSRunCommandLineUserPassword" property="SMSTSRunCommandLineUserPassword"></variable>
        <variable name="LoadProfile" property="LoadProfile">false</variable>
      </defaultVarList>
    </step>
    <step name="Next Phase" disable="false" continueOnError="false" successCodeList="0 3010" description="" startIn="">
      <action>cscript.exe "%SCRIPTROOT%\ZTINextPhase.wsf"</action>
      <defaultVarList>
        <variable name="RunAsUser" property="RunAsUser">false</variable>
        <variable name="SMSTSRunCommandLineUserName" property="SMSTSRunCommandLineUserName"></variable>
        <variable name="SMSTSRunCommandLineUserPassword" property="SMSTSRunCommandLineUserPassword"></variable>
        <variable name="LoadProfile" property="LoadProfile">false</variable>
      </defaultVarList>
    </step>
  </group>
  <group name="State Capture" description="" disable="false" continueOnError="false" expand="false">
    <condition>
      <expression type="SMS_TaskSequence_VariableConditionExpression">
        <variable name="Variable">PHASE</variable>
        <variable name="Operator">equals</variable>
        <variable name="Value">STATECAPTURE</variable>
      </expression>
    </condition>
    <step name="Capture Groups" disable="false" continueOnError="false" successCodeList="0 3010" description="" startIn="">
      <action>cscript.exe "%SCRIPTROOT%\ZTIGroups.wsf" /capture</action>
      <defaultVarList>
        <variable name="RunAsUser" property="RunAsUser">false</variable>
        <variable name="SMSTSRunCommandLineUserName" property="SMSTSRunCommandLineUserName"></variable>
        <variable name="SMSTSRunCommandLineUserPassword" property="SMSTSRunCommandLineUserPassword"></variable>
        <variable name="LoadProfile" property="LoadProfile">false</variable>
      </defaultVarList>
    </step>
    <step name="Capture Network Settings" description="" runIn="WinPEandFullOS" successCodeList="0 3010">
      <action>cscript.exe "%ScriptRoot%\ZTINicConfig.wsf"</action>
      <defaultVarList>
        <variable name="RunAsUser" property="RunAsUser">false</variable>
        <variable name="SMSTSRunCommandLineUserName" property="SMSTSRunCommandLineUserName"></variable>
        <variable name="SMSTSRunCommandLineUserPassword" property="SMSTSRunCommandLineUserPassword"></variable>
        <variable name="LoadProfile" property="LoadProfile">false</variable>
      </defaultVarList>
    </step>
    <group name="Refresh only" disable="false" continueOnError="false" description="" expand="false">
      <condition>
        <expression type="SMS_TaskSequence_VariableConditionExpression">
          <variable name="Variable">DeploymentType</variable>
          <variable name="Operator">equals</variable>
          <variable name="Value">REFRESH</variable>
        </expression>
      </condition>
      <step type="SMS_TaskSequence_RunCommandLineAction" name="Disable BDE Protectors" description="" disable="false" continueOnError="false" startIn="" successCodeList="0 3010" runIn="WinPEandFullOS">
        <defaultVarList>
          <variable name="PackageID" property="PackageID"></variable>
          <variable name="RunAsUser" property="RunAsUser">false</variable>
          <variable name="SMSTSRunCommandLineUserName" property="SMSTSRunCommandLineUserName"></variable>
          <variable name="SMSTSRunCommandLineUserPassword" property="SMSTSRunCommandLineUserPassword"></variable>
          <variable name="LoadProfile" property="LoadProfile">false</variable>
        </defaultVarList>
        <action>cscript.exe "%SCRIPTROOT%\ZTIDisableBDEProtectors.wsf"</action>
      </step>
      <step name="Apply Windows PE" disable="false" continueOnError="false" successCodeList="0 3010" description="" startIn="">
        <action>cscript.exe "%SCRIPTROOT%\LTIApply.wsf" /PE</action>
        <defaultVarList>
          <variable name="RunAsUser" property="RunAsUser">false</variable>
          <variable name="SMSTSRunCommandLineUserName" property="SMSTSRunCommandLineUserName"></variable>
          <variable name="SMSTSRunCommandLineUserPassword" property="SMSTSRunCommandLineUserPassword"></variable>
          <variable name="LoadProfile" property="LoadProfile">false</variable>
        </defaultVarList>
      </step>
    </group>
    <step name="Next Phase" disable="false" continueOnError="false" successCodeList="0 3010" description="" startIn="">
      <action>cscript.exe "%SCRIPTROOT%\ZTINextPhase.wsf"</action>
      <defaultVarList>
        <variable name="RunAsUser" property="RunAsUser">false</variable>
        <variable name="SMSTSRunCommandLineUserName" property="SMSTSRunCommandLineUserName"></variable>
        <variable name="SMSTSRunCommandLineUserPassword" property="SMSTSRunCommandLineUserPassword"></variable>
        <variable name="LoadProfile" property="LoadProfile">false</variable>
      </defaultVarList>
    </step>
    <group name="Refresh only" disable="false" continueOnError="false" expand="false" description="">
      <condition>
        <expression type="SMS_TaskSequence_VariableConditionExpression">
          <variable name="Variable">DeploymentType</variable>
          <variable name="Operator">equals</variable>
          <variable name="Value">REFRESH</variable>
        </expression>
      </condition>
      <step type="SMS_TaskSequence_RebootAction" name="Restart computer" description="" disable="false" continueOnError="false" runIn="WinPEandFullOS" successCodeList="0 3010">
        <defaultVarList>
          <variable name="Message" property="Message"></variable>
          <variable name="MessageTimeout" property="MessageTimeout">60</variable>
          <variable name="Target" property="Target"></variable>
        </defaultVarList>
        <action>smsboot.exe /target:WinPE</action>
      </step>
    </group>
  </group>
  <group name="Preinstall" disable="false" continueOnError="false" description="" expand="true">
    <condition>
      <expression type="SMS_TaskSequence_VariableConditionExpression">
        <variable name="Variable">PHASE</variable>
        <variable name="Operator">equals</variable>
        <variable name="Value">PREINSTALL</variable>
      </expression>
    </condition>
    <step type="BDD_Gather" name="Gather local only" disable="false" continueOnError="false" successCodeList="0 3010" description="" startIn="">
      <defaultVarList>
        <variable name="GatherLocalOnly" property="GatherLocalOnly">true</variable>
        <variable name="RulesFile" property="RulesFile"></variable>
      </defaultVarList>
      <action>cscript.exe "%SCRIPTROOT%\ZTIGather.wsf"</action>
    </step>
    <group name="New Computer only" disable="false" continueOnError="false" description="" expand="true">
      <condition>
        <expression type="SMS_TaskSequence_VariableConditionExpression">
          <variable name="Variable">DeploymentType</variable>
          <variable name="Operator">equals</variable>
          <variable name="Value">NEWCOMPUTER</variable>
        </expression>
      </condition>
      <step type="BDD_Validate" name="Validate" disable="false" continueOnError="false" successCodeList="0 3010" description="" startIn="">
        <defaultVarList>
          <variable name="ImageSize" property="ImageSize">0</variable>
          <variable name="ImageProcessorSpeed" property="ImageProcessorSpeed">800</variable>
          <variable name="ImageMemory" property="ImageMemory">768</variable>
          <variable name="VerifyOS" property="VerifyOS">SERVER</variable>
        </defaultVarList>
        <action>cscript.exe "%SCRIPTROOT%\ZTIValidate.wsf"</action>
      </step>
      <step type="SMS_TaskSequence_PartitionDiskAction" name="Format and Partition Disk (BIOS)" description="" disable="false" continueOnError="false" runIn="WinPEandFullOS" successCodeList="0 3010">
        <condition>
          <expression type="SMS_TaskSequence_VariableConditionExpression">
            <variable name="Operator">notEquals</variable>
            <variable name="Value">True</variable>
            <variable name="Variable">IsUEFI</variable>
          </expression>
        </condition>
        <defaultVarList>
          <variable name="OSDDiskIndex" property="DiskIndex">0</variable>
          <variable name="OSDDiskPartitions1Type" property="OSDDiskPartitions1Type">Recovery</variable>
          <variable name="DONotCreateExtraPartition" property="DONotCreateExtraPartition"></variable>
          <variable name="OSDPartitions0Type" property="Partitions0Type">Primary</variable>
          <variable name="OSDPartitions0FileSystem" property="Partitions0FileSystem">NTFS</variable>
          <variable name="OSDPartitions0Bootable" property="Partitions0Bootable">True</variable>
          <variable name="OSDPartitions0QuickFormat" property="Partitions0QuickFormat">True</variable>
          <variable name="OSDPartitions0VolumeName" property="Partitions0VolumeName">System Reserved</variable>
          <variable name="OSDPartitions0Size" property="Partitions0Size">499</variable>
          <variable name="OSDPartitions0SizeUnits" property="Partitions0SizeUnits">MB</variable>
          <variable name="OSDPartitions0VolumeLetterVariable" property="Partitions0VolumeLetterVariable"></variable>
          <variable name="OSDPartitions1Type" property="Partitions1Type">Primary</variable>
          <variable name="OSDPartitions1FileSystem" property="Partitions1FileSystem">NTFS</variable>
          <variable name="OSDPartitions1Bootable" property="Partitions1Bootable">False</variable>
          <variable name="OSDPartitions1QuickFormat" property="Partitions1QuickFormat">True</variable>
          <variable name="OSDPartitions1VolumeName" property="Partitions1VolumeName">Windows</variable>
          <variable name="OSDPartitions1Size" property="Partitions1Size">100</variable>
          <variable name="OSDPartitions1SizeUnits" property="Partitions1SizeUnits">GB</variable>
          <variable name="OSDPartitions1VolumeLetterVariable" property="Partitions1VolumeLetterVariable">OSDisk</variable>
          <variable name="OSDPartitions2Type" property="Partitions2Type">Recovery</variable>
          <variable name="OSDPartitions2FileSystem" property="Partitions2FileSystem">NTFS</variable>
          <variable name="OSDPartitions2Bootable" property="Partitions2Bootable">False</variable>
          <variable name="OSDPartitions2QuickFormat" property="Partitions2QuickFormat">True</variable>
          <variable name="OSDPartitions2VolumeName" property="Partitions2VolumeName">Recovery</variable>
          <variable name="OSDPartitions2Size" property="Partitions2Size">500</variable>
          <variable name="OSDPartitions2SizeUnits" property="Partitions2SizeUnits">MB</variable>
          <variable name="OSDPartitions2VolumeLetterVariable" property="Partitions2VolumeLetterVariable"></variable>
          <variable name="OSDPartitions" property="Partitions">3</variable>
          <variable name="OSDPartitionStyle" property="PartitionStyle">MBR</variable>
        </defaultVarList>
        <action>cscript.exe "%SCRIPTROOT%\ZTIDiskpart.wsf"</action>
      </step>
      <step type="SMS_TaskSequence_PartitionDiskAction" name="Format and Partition Disk (UEFI)" description="" runIn="WinPE" successCodeList="0" disable="false" continueOnError="false">
        <condition>
          <expression type="SMS_TaskSequence_VariableConditionExpression">
            <variable name="Operator">equals</variable>
            <variable name="Value">True</variable>
            <variable name="Variable">IsUEFI</variable>
          </expression>
        </condition>
        <defaultVarList>
          <variable name="OSDDiskIndex" property="DiskIndex">0</variable>
          <variable name="OSDDiskPartitions1Type" property="OSDDiskPartitions1Type">Recovery</variable>
          <variable name="DONotCreateExtraPartition" property="DONotCreateExtraPartition"></variable>
          <variable name="OSDPartitions0Type" property="Partitions0Type">EFI</variable>
          <variable name="OSDPartitions0FileSystem" property="Partitions0FileSystem">FAT32</variable>
          <variable name="OSDPartitions0Bootable" property="Partitions0Bootable">True</variable>
          <variable name="OSDPartitions0QuickFormat" property="Partitions0QuickFormat">True</variable>
          <variable name="OSDPartitions0VolumeName" property="Partitions0VolumeName">Boot</variable>
          <variable name="OSDPartitions0Size" property="Partitions0Size">499</variable>
          <variable name="OSDPartitions0SizeUnits" property="Partitions0SizeUnits">MB</variable>
          <variable name="OSDPartitions0VolumeLetterVariable" property="Partitions0VolumeLetterVariable"></variable>
          <variable name="OSDPartitions1Type" property="Partitions1Type">MSR</variable>
          <variable name="OSDPartitions1FileSystem" property="Partitions1FileSystem">NTFS</variable>
          <variable name="OSDPartitions1Bootable" property="Partitions1Bootable">False</variable>
          <variable name="OSDPartitions1QuickFormat" property="Partitions1QuickFormat">True</variable>
          <variable name="OSDPartitions1VolumeName" property="Partitions1VolumeName"></variable>
          <variable name="OSDPartitions1Size" property="Partitions1Size">128</variable>
          <variable name="OSDPartitions1SizeUnits" property="Partitions1SizeUnits">MB</variable>
          <variable name="OSDPartitions1VolumeLetterVariable" property="Partitions1VolumeLetterVariable"></variable>
          <variable name="OSDPartitions2Type" property="Partitions2Type">Primary</variable>
          <variable name="OSDPartitions2FileSystem" property="Partitions2FileSystem">NTFS</variable>
          <variable name="OSDPartitions2Bootable" property="Partitions2Bootable">False</variable>
          <variable name="OSDPartitions2QuickFormat" property="Partitions2QuickFormat">True</variable>
          <variable name="OSDPartitions2VolumeName" property="Partitions2VolumeName">Windows</variable>
          <variable name="OSDPartitions2Size" property="Partitions2Size">100</variable>
          <variable name="OSDPartitions2SizeUnits" property="Partitions2SizeUnits">GB</variable>
          <variable name="OSDPartitions2VolumeLetterVariable" property="Partitions2VolumeLetterVariable">OSDisk</variable>
          <variable name="OSDPartitions3Type" property="Partitions3Type">Recovery</variable>
          <variable name="OSDPartitions3FileSystem" property="Partitions3FileSystem">NTFS</variable>
          <variable name="OSDPartitions3Bootable" property="Partitions3Bootable">False</variable>
          <variable name="OSDPartitions3QuickFormat" property="Partitions3QuickFormat">True</variable>
          <variable name="OSDPartitions3VolumeName" property="Partitions3VolumeName">Recovery</variable>
          <variable name="OSDPartitions3Size" property="Partitions3Size">500</variable>
          <variable name="OSDPartitions3SizeUnits" property="Partitions3SizeUnits">MB</variable>
          <variable name="OSDPartitions3VolumeLetterVariable" property="Partitions3VolumeLetterVariable"></variable>
          <variable name="OSDPartitions" property="Partitions">4</variable>
          <variable name="OSDPartitionStyle" property="PartitionStyle">GPT</variable>
        </defaultVarList>
        <action>cscript.exe "%SCRIPTROOT%\ZTIDiskpart.wsf"</action>
      </step>
      <step name="Copy scripts" disable="false" continueOnError="false" successCodeList="0 3010" description="" startIn="">
        <action>cscript.exe "%SCRIPTROOT%\LTICopyScripts.wsf"</action>
        <defaultVarList>
          <variable name="RunAsUser" property="RunAsUser">false</variable>
          <variable name="SMSTSRunCommandLineUserName" property="SMSTSRunCommandLineUserName"></variable>
          <variable name="SMSTSRunCommandLineUserPassword" property="SMSTSRunCommandLineUserPassword"></variable>
          <variable name="LoadProfile" property="LoadProfile">false</variable>
        </defaultVarList>
      </step>
    </group>
    <group name="Refresh only" disable="false" continueOnError="false" description="" expand="false">
      <condition>
        <expression type="SMS_TaskSequence_VariableConditionExpression">
          <variable name="Variable">DeploymentType</variable>
          <variable name="Operator">equals</variable>
          <variable name="Value">REFRESH</variable>
        </expression>
      </condition>
      <step name="Backup" disable="false" continueOnError="false" successCodeList="0 3010" description="" startIn="">
        <action>cscript.exe "%SCRIPTROOT%\ZTIBackup.wsf"</action>
        <defaultVarList>
          <variable name="RunAsUser" property="RunAsUser">false</variable>
          <variable name="SMSTSRunCommandLineUserName" property="SMSTSRunCommandLineUserName"></variable>
          <variable name="SMSTSRunCommandLineUserPassword" property="SMSTSRunCommandLineUserPassword"></variable>
          <variable name="LoadProfile" property="LoadProfile">false</variable>
        </defaultVarList>
      </step>
    </group>
    <step name="Configure" disable="false" continueOnError="false" successCodeList="0 3010" description="" startIn="">
      <action>cscript.exe "%SCRIPTROOT%\ZTIConfigure.wsf"</action>
      <defaultVarList>
        <variable name="RunAsUser" property="RunAsUser">false</variable>
        <variable name="SMSTSRunCommandLineUserName" property="SMSTSRunCommandLineUserName"></variable>
        <variable name="SMSTSRunCommandLineUserPassword" property="SMSTSRunCommandLineUserPassword"></variable>
        <variable name="LoadProfile" property="LoadProfile">false</variable>
      </defaultVarList>
    </step>
    <step type="SMS_TaskSequence_RunCommandLineAction" name="Enable BitLocker (Offline)" description="" disable="false" continueOnError="true" startIn="" successCodeList="0 3010" runIn="WinPEandFullOS">
      <action>cscript.exe "%SCRIPTROOT%\ZTIBDE.wsf"</action>
      <defaultVarList>
        <variable name="RunAsUser" property="RunAsUser">false</variable>
        <variable name="SMSTSRunCommandLineUserName" property="SMSTSRunCommandLineUserName"></variable>
        <variable name="SMSTSRunCommandLineUserPassword" property="SMSTSRunCommandLineUserPassword"></variable>
        <variable name="LoadProfile" property="LoadProfile">false</variable>
      </defaultVarList>
    </step>
    <step type="BDD_InjectDrivers" name="Inject Drivers" description="" disable="false" continueOnError="false" runIn="WinPEandFullOS" successCodeList="0 3010">
      <defaultVarList>
        <variable name="DriverSelectionProfile" property="DriverSelectionProfile">All Drivers</variable>
        <variable name="DriverInjectionMode" property="DriverInjectionMode">AUTO</variable>
      </defaultVarList>
      <action>cscript.exe "%SCRIPTROOT%\ZTIDrivers.wsf"</action>
    </step>
    <step type="BDD_InstallUpdatesOffline" name="Apply Patches" disable="false" continueOnError="false" successCodeList="0 3010" description="" startIn="">
      <action>cscript.exe "%SCRIPTROOT%\ZTIPatches.wsf"</action>
      <defaultVarList>
        <variable name="PackageSelectionProfile" property="PackageSelectionProfile">All Packages</variable>
      </defaultVarList>
    </step>
    <step name="Next Phase" disable="false" continueOnError="false" successCodeList="0 3010" description="" startIn="">
      <action>cscript.exe "%SCRIPTROOT%\ZTINextPhase.wsf"</action>
      <defaultVarList>
        <variable name="RunAsUser" property="RunAsUser">false</variable>
        <variable name="SMSTSRunCommandLineUserName" property="SMSTSRunCommandLineUserName"></variable>
        <variable name="SMSTSRunCommandLineUserPassword" property="SMSTSRunCommandLineUserPassword"></variable>
        <variable name="LoadProfile" property="LoadProfile">false</variable>
      </defaultVarList>
    </step>
  </group>
  <group name="Install" disable="false" continueOnError="false" description="" expand="false">
    <condition>
      <expression type="SMS_TaskSequence_VariableConditionExpression">
        <variable name="Variable">PHASE</variable>
        <variable name="Operator">equals</variable>
        <variable name="Value">INSTALL</variable>
      </expression>
    </condition>
    <step type="BDD_InstallOS" name="Install Operating System" description="" disable="false" continueOnError="false" runIn="WinPEandFullOS" successCodeList="0 3010">
      <defaultVarList>
        <variable name="OSGUID" property="OSGUID">{ebeb3bf0-1d31-4fe0-be05-4d4b2a1e6b9c}</variable>
        <variable name="DestinationDisk" property="DestinationDisk">0</variable>
        <variable name="DestinationPartition" property="DestinationPartition">1</variable>
        <variable name="DestinationOSDriveLetter" property="DestinationOSDriveLetter"></variable>
        <variable name="DestinationOSVariable" property="DestinationOSVariable">OSDisk</variable>
        <variable name="DestinationOSRefresh" property="DestinationOSRefresh"></variable>
        <variable name="DestinationOSInstallType" property="DestinationOSInstallType">ByVariable</variable>
      </defaultVarList>
      <action>cscript.exe "%SCRIPTROOT%\LTIApply.wsf"</action>
    </step>
    <step name="Next Phase" disable="false" continueOnError="false" successCodeList="0 3010" description="" startIn="">
      <action>cscript.exe "%SCRIPTROOT%\ZTINextPhase.wsf"</action>
      <defaultVarList>
        <variable name="RunAsUser" property="RunAsUser">false</variable>
        <variable name="SMSTSRunCommandLineUserName" property="SMSTSRunCommandLineUserName"></variable>
        <variable name="SMSTSRunCommandLineUserPassword" property="SMSTSRunCommandLineUserPassword"></variable>
        <variable name="LoadProfile" property="LoadProfile">false</variable>
      </defaultVarList>
    </step>
  </group>
  <group name="Postinstall" disable="false" continueOnError="false" description="" expand="false">
    <condition>
      <expression type="SMS_TaskSequence_VariableConditionExpression">
        <variable name="Variable">PHASE</variable>
        <variable name="Operator">equals</variable>
        <variable name="Value">POSTINSTALL</variable>
      </expression>
    </condition>
    <step name="Copy Scripts" disable="false" continueOnError="false" successCodeList="0 3010" description="" startIn="">
      <action>cscript.exe "%SCRIPTROOT%\LTICopyScripts.wsf"</action>
      <defaultVarList>
        <variable name="RunAsUser" property="RunAsUser">false</variable>
        <variable name="SMSTSRunCommandLineUserName" property="SMSTSRunCommandLineUserName"></variable>
        <variable name="SMSTSRunCommandLineUserPassword" property="SMSTSRunCommandLineUserPassword"></variable>
        <variable name="LoadProfile" property="LoadProfile">false</variable>
      </defaultVarList>
    </step>
    <step name="Configure" disable="false" continueOnError="false" successCodeList="0 3010" description="" startIn="">
      <action>cscript.exe "%SCRIPTROOT%\ZTIConfigure.wsf"</action>
      <defaultVarList>
        <variable name="RunAsUser" property="RunAsUser">false</variable>
        <variable name="SMSTSRunCommandLineUserName" property="SMSTSRunCommandLineUserName"></variable>
        <variable name="SMSTSRunCommandLineUserPassword" property="SMSTSRunCommandLineUserPassword"></variable>
        <variable name="LoadProfile" property="LoadProfile">false</variable>
      </defaultVarList>
    </step>
    <step name="Inject Drivers" disable="false" continueOnError="false" successCodeList="0 3010" description="" startIn="">
      <action>cscript.exe "%SCRIPTROOT%\ZTIdrivers.wsf"</action>
      <defaultVarList>
        <variable name="RunAsUser" property="RunAsUser">false</variable>
        <variable name="SMSTSRunCommandLineUserName" property="SMSTSRunCommandLineUserName"></variable>
        <variable name="SMSTSRunCommandLineUserPassword" property="SMSTSRunCommandLineUserPassword"></variable>
        <variable name="LoadProfile" property="LoadProfile">false</variable>
      </defaultVarList>
    </step>
    <step type="SMS_TaskSequence_RunCommandLineAction" name="Add Windows Recovery (WinRE)" description="" disable="false" continueOnError="false" startIn="" successCodeList="0 3010" runIn="WinPEandFullOS">
      <action>cscript.exe "%SCRIPTROOT%\ZTIWinRE.wsf"</action>
      <defaultVarList>
        <variable name="RunAsUser" property="RunAsUser">false</variable>
        <variable name="SMSTSRunCommandLineUserName" property="SMSTSRunCommandLineUserName"></variable>
        <variable name="SMSTSRunCommandLineUserPassword" property="SMSTSRunCommandLineUserPassword"></variable>
        <variable name="LoadProfile" property="LoadProfile">false</variable>
      </defaultVarList>
    </step>
    <step name="Next Phase" disable="false" continueOnError="false" successCodeList="0 3010" description="" startIn="">
      <action>cscript.exe "%SCRIPTROOT%\ZTINextPhase.wsf"</action>
      <defaultVarList>
        <variable name="RunAsUser" property="RunAsUser">false</variable>
        <variable name="SMSTSRunCommandLineUserName" property="SMSTSRunCommandLineUserName"></variable>
        <variable name="SMSTSRunCommandLineUserPassword" property="SMSTSRunCommandLineUserPassword"></variable>
        <variable name="LoadProfile" property="LoadProfile">false</variable>
      </defaultVarList>
    </step>
    <step type="SMS_TaskSequence_RebootAction" name="Restart computer" description="" disable="false" continueOnError="false" runIn="WinPEandFullOS" successCodeList="0 3010">
      <defaultVarList>
        <variable name="Message" property="Message"></variable>
        <variable name="MessageTimeout" property="MessageTimeout">60</variable>
        <variable name="Target" property="Target"></variable>
      </defaultVarList>
      <action>smsboot.exe /target:WinPE</action>
    </step>
  </group>
  <group name="State Restore" disable="false" continueOnError="false" description="" expand="true">
    <condition>
      <expression type="SMS_TaskSequence_VariableConditionExpression">
        <variable name="Variable">PHASE</variable>
        <variable name="Operator">equals</variable>
        <variable name="Value">STATERESTORE</variable>
      </expression>
    </condition>
    <step type="SMS_TaskSequence_ApplyNetworkSettingsAction" name="Apply Network Settings" description="" disable="false" continueOnError="false" runIn="WinPEandFullOS" successCodeList="0 3010">
      <defaultVarList>
        <variable name="OSDAdapterCount" property="NumAdapters">0</variable>
        <variable name="OSDAdapter" property="Adapters">0</variable>
      </defaultVarList>
      <action>cscript.exe "%SCRIPTROOT%\ZTINICConfig.wsf"</action>
    </step>
    <step type="BDD_Gather" name="Gather local only" disable="false" continueOnError="false" successCodeList="0 3010" description="" startIn="">
      <defaultVarList>
        <variable name="GatherLocalOnly" property="GatherLocalOnly">true</variable>
        <variable name="RulesFile" property="RulesFile"></variable>
      </defaultVarList>
      <action>cscript.exe "%SCRIPTROOT%\ZTIGather.wsf"</action>
    </step>
    <step name="Post-Apply Cleanup" disable="false" continueOnError="false" successCodeList="0" description="" startIn="" successCodes="0 3010">
      <action>cscript.exe "%SCRIPTROOT%\LTIApply.wsf" /post</action>
      <defaultVarList>
        <variable name="RunAsUser" property="RunAsUser">false</variable>
        <variable name="SMSTSRunCommandLineUserName" property="SMSTSRunCommandLineUserName"></variable>
        <variable name="SMSTSRunCommandLineUserPassword" property="SMSTSRunCommandLineUserPassword"></variable>
        <variable name="LoadProfile" property="LoadProfile">false</variable>
      </defaultVarList>
    </step>
    <step type="BDD_RecoverDomainJoin" name="Recover From Domain " description="" disable="false" continueOnError="false" runIn="WinPEandFullOS" successCodeList="0 3010">
      <defaultVarList>
        <variable name="DomainErrorRecovery" property="DomainErrorRecovery">Auto</variable>
      </defaultVarList>
      <action>cscript.exe "%SCRIPTROOT%\ZTIDomainJoin.wsf" </action>
    </step>
    <step name="Tattoo" disable="false" continueOnError="true" successCodeList="0 3010" description="" startIn="">
      <action>cscript.exe "%SCRIPTROOT%\ZTITatoo.wsf"</action>
      <defaultVarList>
        <variable name="RunAsUser" property="RunAsUser">false</variable>
        <variable name="SMSTSRunCommandLineUserName" property="SMSTSRunCommandLineUserName"></variable>
        <variable name="SMSTSRunCommandLineUserPassword" property="SMSTSRunCommandLineUserPassword"></variable>
        <variable name="LoadProfile" property="LoadProfile">false</variable>
      </defaultVarList>
    </step>
    <step name="Opt In to CEIP and WER" disable="true" continueOnError="true" successCodeList="0 3010" description="" startIn="">
      <action>cscript.exe "%SCRIPTROOT%\ZTIOptIn.wsf" /CEIP:YES /WER:YES</action>
      <defaultVarList>
        <variable name="RunAsUser" property="RunAsUser">false</variable>
        <variable name="SMSTSRunCommandLineUserName" property="SMSTSRunCommandLineUserName"></variable>
        <variable name="SMSTSRunCommandLineUserPassword" property="SMSTSRunCommandLineUserPassword"></variable>
        <variable name="LoadProfile" property="LoadProfile">false</variable>
      </defaultVarList>
    </step>
    <step name="Windows Update (Pre-Application Installation)" disable="true" continueOnError="true" successCodeList="0 3010" description="" startIn="">
      <action>cscript.exe "%SCRIPTROOT%\ZTIWindowsUpdate.wsf"</action>
      <defaultVarList>
        <variable name="RunAsUser" property="RunAsUser">false</variable>
        <variable name="SMSTSRunCommandLineUserName" property="SMSTSRunCommandLineUserName"></variable>
        <variable name="SMSTSRunCommandLineUserPassword" property="SMSTSRunCommandLineUserPassword"></variable>
        <variable name="LoadProfile" property="LoadProfile">false</variable>
      </defaultVarList>
    </step>
    <step type="BDD_InstallApplication" name="Install Applications" disable="false" continueOnError="false" successCodeList="0 3010" description="" startIn="">
      <action>cscript.exe "%SCRIPTROOT%\ZTIApplications.wsf"</action>
      <defaultVarList>
        <variable name="ApplicationGUID" property="ApplicationGUID"></variable>
        <variable name="ApplicationSuccessCodes" property="ApplicationSuccessCodes">0 3010</variable>
      </defaultVarList>
    </step>
    <step name="Windows Update (Post-Application Installation)" disable="true" continueOnError="true" successCodeList="0 3010" description="" startIn="">
      <action>cscript.exe "%SCRIPTROOT%\ZTIWindowsUpdate.wsf"</action>
      <defaultVarList>
        <variable name="RunAsUser" property="RunAsUser">false</variable>
        <variable name="SMSTSRunCommandLineUserName" property="SMSTSRunCommandLineUserName"></variable>
        <variable name="SMSTSRunCommandLineUserPassword" property="SMSTSRunCommandLineUserPassword"></variable>
        <variable name="LoadProfile" property="LoadProfile">false</variable>
      </defaultVarList>
    </step>
    <group name="Custom Tasks" disable="false" continueOnError="false" expand="true" description=""></group>
    <step type="SMS_TaskSequence_EnableBitLockerAction" name="Enable BitLocker" continueOnError="true" successCodeList="0 3010" description="" startIn="">
      <action>cscript.exe "%SCRIPTROOT%\ZTIBde.wsf"</action>
      <condition>
        <expression type="SMS_TaskSequence_VariableConditionExpression">
          <variable name="Variable">BdeInstallSuppress</variable>
          <variable name="Operator">notEquals</variable>
          <variable name="Value">YES</variable>
        </expression>
      </condition>
      <defaultVarList>
        <variable name="OSDBitLockerTargetDrive" property="BdeTargetDriveLetter"></variable>
        <variable name="OSDBitLockerMode" property="BdeInstall">TPM</variable>
        <variable name="OSDBitLockerStartupKeyDrive" property="BdeKeyLocation"></variable>
        <variable name="OSDBitLockerCreateRecoveryPassword" property="BdeRecoveryPassword">AD</variable>
        <variable name="OSDBitLockerWaitForEncryption" property="WaitForEncryption">false</variable>
      </defaultVarList>
    </step>
    <step name="Restore Groups" disable="false" continueOnError="false" successCodeList="0 3010" description="" startIn="">
      <action>cscript.exe "%SCRIPTROOT%\ZTIGroups.wsf" /restore</action>
      <defaultVarList>
        <variable name="RunAsUser" property="RunAsUser">false</variable>
        <variable name="SMSTSRunCommandLineUserName" property="SMSTSRunCommandLineUserName"></variable>
        <variable name="SMSTSRunCommandLineUserPassword" property="SMSTSRunCommandLineUserPassword"></variable>
        <variable name="LoadProfile" property="LoadProfile">false</variable>
      </defaultVarList>
    </step>
    <step name="Apply Local GPO Package" description="" disable="false" continueOnError="true" startIn="" successCodeList="0 3010">
      <action>cscript.exe "%SCRIPTROOT%\ZTIApplyGPOPack.wsf"</action>
      <condition>
        <expression type="SMS_TaskSequence_VariableConditionExpression">
          <variable name="Variable">ApplyGPOPack</variable>
          <variable name="Operator">notEquals</variable>
          <variable name="Value">NO</variable>
        </expression>
      </condition>
      <defaultVarList>
        <variable name="RunAsUser" property="RunAsUser">false</variable>
        <variable name="SMSTSRunCommandLineUserName" property="SMSTSRunCommandLineUserName"></variable>
        <variable name="SMSTSRunCommandLineUserPassword" property="SMSTSRunCommandLineUserPassword"></variable>
        <variable name="LoadProfile" property="LoadProfile">false</variable>
      </defaultVarList>
    </step>
    <group expand="false" name="Imaging" description="" disable="false" continueOnError="false">
      <action />
      <group name="Prepare Only" disable="false" continueOnError="false" expand="false" description="">
        <condition>
          <expression type="SMS_TaskSequence_VariableConditionExpression">
            <variable name="Variable">DoCapture</variable>
            <variable name="Operator">equals</variable>
            <variable name="Value">PREPARE</variable>
          </expression>
        </condition>
        <step name="Copy Sysprep files" disable="false" continueOnError="false" successCodeList="0 3010" description="" startIn="">
          <action>cscript.exe "%SCRIPTROOT%\LTISysprep.wsf"</action>
          <defaultVarList>
            <variable name="RunAsUser" property="RunAsUser">false</variable>
            <variable name="SMSTSRunCommandLineUserName" property="SMSTSRunCommandLineUserName"></variable>
            <variable name="SMSTSRunCommandLineUserPassword" property="SMSTSRunCommandLineUserPassword"></variable>
            <variable name="LoadProfile" property="LoadProfile">false</variable>
          </defaultVarList>
        </step>
      </group>
      <group name="Sysprep Only" disable="false" continueOnError="false" expand="false" description="">
        <condition>
          <expression type="SMS_TaskSequence_VariableConditionExpression">
            <variable name="Variable">DoCapture</variable>
            <variable name="Operator">equals</variable>
            <variable name="Value">SYSPREP</variable>
          </expression>
        </condition>
        <step name="Add mass storage drivers to sysprep.inf for XP and 2003" disable="false" continueOnError="false" successCodeList="0 3010" description="" startIn="">
          <action>cscript.exe "%SCRIPTROOT%\ZTIDrivers.wsf"</action>
          <defaultVarList>
            <variable name="RunAsUser" property="RunAsUser">false</variable>
            <variable name="SMSTSRunCommandLineUserName" property="SMSTSRunCommandLineUserName"></variable>
            <variable name="SMSTSRunCommandLineUserPassword" property="SMSTSRunCommandLineUserPassword"></variable>
            <variable name="LoadProfile" property="LoadProfile">false</variable>
          </defaultVarList>
        </step>
        <step name="Execute Sysprep" disable="false" continueOnError="false" successCodeList="0 3010" description="" startIn="">
          <action>cscript.exe "%SCRIPTROOT%\LTISysprep.wsf"</action>
          <defaultVarList>
            <variable name="RunAsUser" property="RunAsUser">false</variable>
            <variable name="SMSTSRunCommandLineUserName" property="SMSTSRunCommandLineUserName"></variable>
            <variable name="SMSTSRunCommandLineUserPassword" property="SMSTSRunCommandLineUserPassword"></variable>
            <variable name="LoadProfile" property="LoadProfile">false</variable>
          </defaultVarList>
        </step>
      </group>
      <group name="Capture Image" disable="false" continueOnError="false" expand="false" description="">
        <condition>
          <expression type="SMS_TaskSequence_VariableConditionExpression">
            <variable name="Variable">DoCapture</variable>
            <variable name="Operator">equals</variable>
            <variable name="Value">YES</variable>
          </expression>
        </condition>
        <step name="Apply Windows PE" disable="false" continueOnError="false" successCodeList="0 3010" description="" startIn="">
          <action>cscript.exe "%SCRIPTROOT%\LTIApply.wsf" /PE /STAGE</action>
          <defaultVarList>
            <variable name="RunAsUser" property="RunAsUser">false</variable>
            <variable name="SMSTSRunCommandLineUserName" property="SMSTSRunCommandLineUserName"></variable>
            <variable name="SMSTSRunCommandLineUserPassword" property="SMSTSRunCommandLineUserPassword"></variable>
            <variable name="LoadProfile" property="LoadProfile">false</variable>
          </defaultVarList>
        </step>
        <step name="Add mass storage drivers to sysprep.inf for XP and 2003" disable="false" continueOnError="false" successCodeList="0 3010" description="" startIn="">
          <action>cscript.exe "%SCRIPTROOT%\ZTIDrivers.wsf"</action>
          <defaultVarList>
            <variable name="RunAsUser" property="RunAsUser">false</variable>
            <variable name="SMSTSRunCommandLineUserName" property="SMSTSRunCommandLineUserName"></variable>
            <variable name="SMSTSRunCommandLineUserPassword" property="SMSTSRunCommandLineUserPassword"></variable>
            <variable name="LoadProfile" property="LoadProfile">false</variable>
          </defaultVarList>
        </step>
        <step name="Execute Sysprep" disable="false" continueOnError="false" successCodeList="0 3010" description="" startIn="">
          <action>cscript.exe "%SCRIPTROOT%\LTISysprep.wsf"</action>
          <defaultVarList>
            <variable name="RunAsUser" property="RunAsUser">false</variable>
            <variable name="SMSTSRunCommandLineUserName" property="SMSTSRunCommandLineUserName"></variable>
            <variable name="SMSTSRunCommandLineUserPassword" property="SMSTSRunCommandLineUserPassword"></variable>
            <variable name="LoadProfile" property="LoadProfile">false</variable>
          </defaultVarList>
        </step>
        <step name="Apply Windows PE (BCD)" disable="false" continueOnError="false" successCodeList="0 3010" description="" startIn="">
          <action>cscript.exe "%_SMSTSMDataPath%\Scripts\LTIApply.wsf" /PE /BCD</action>
          <defaultVarList>
            <variable name="RunAsUser" property="RunAsUser">false</variable>
            <variable name="SMSTSRunCommandLineUserName" property="SMSTSRunCommandLineUserName"></variable>
            <variable name="SMSTSRunCommandLineUserPassword" property="SMSTSRunCommandLineUserPassword"></variable>
            <variable name="LoadProfile" property="LoadProfile">false</variable>
          </defaultVarList>
        </step>
        <step type="SMS_TaskSequence_RebootAction" name="Restart computer" description="" disable="false" continueOnError="false" runIn="WinPEandFullOS" successCodeList="0 3010">
          <action>smsboot.exe /target:WinPE</action>
        </step>
        <step type="BDD_Gather" name="Gather local only" disable="false" continueOnError="false" successCodeList="0 3010" description="" startIn="">
          <defaultVarList>
            <variable name="GatherLocalOnly" property="GatherLocalOnly">true</variable>
            <variable name="RulesFile" property="RulesFile"></variable>
          </defaultVarList>
          <action>cscript.exe "%SCRIPTROOT%\ZTIGather.wsf"</action>
        </step>
        <step name="Create WIM" disable="false" continueOnError="false" successCodeList="0 3010" description="" startIn="">
          <action>cscript.exe "%SCRIPTROOT%\ZTIBackup.wsf"</action>
          <defaultVarList>
            <variable name="RunAsUser" property="RunAsUser">false</variable>
            <variable name="SMSTSRunCommandLineUserName" property="SMSTSRunCommandLineUserName"></variable>
            <variable name="SMSTSRunCommandLineUserPassword" property="SMSTSRunCommandLineUserPassword"></variable>
            <variable name="LoadProfile" property="LoadProfile">false</variable>
          </defaultVarList>
        </step>
      </group>
    </group>
    <step name="Restore Groups" disable="false" continueOnError="false" successCodeList="0 3010" description="" startIn="">
      <action>cscript.exe "%SCRIPTROOT%\ZTIGroups.wsf" /restore</action>
      <condition>
        <operator type="and">
          <expression type="SMS_TaskSequence_VariableConditionExpression">
            <variable name="Variable">DoCapture</variable>
            <variable name="Operator">notEquals</variable>
            <variable name="Value">YES</variable>
          </expression>
          <expression type="SMS_TaskSequence_VariableConditionExpression">
            <variable name="Variable">DoCapture</variable>
            <variable name="Operator">notEquals</variable>
            <variable name="Value">PREPARE</variable>
          </expression>
          <expression type="SMS_TaskSequence_VariableConditionExpression">
            <variable name="Variable">DoCapture</variable>
            <variable name="Operator">notEquals</variable>
            <variable name="Value">SYSPREP</variable>
          </expression>
        </operator>
      </condition>
      <defaultVarList>
        <variable name="RunAsUser" property="RunAsUser">false</variable>
        <variable name="SMSTSRunCommandLineUserName" property="SMSTSRunCommandLineUserName"></variable>
        <variable name="SMSTSRunCommandLineUserPassword" property="SMSTSRunCommandLineUserPassword"></variable>
        <variable name="LoadProfile" property="LoadProfile">false</variable>
      </defaultVarList>
    </step>
  </group>
  <group expand="true" name="Prepare for Configuration" description="" disable="false" continueOnError="false">
    <action />
    <step type="SMS_TaskSequence_SetVariableAction" name="Set Phase" description="" disable="false" continueOnError="false" successCodeList="0 3010">
      <defaultVarList>
        <variable name="VariableName" property="VariableName">PHASE</variable>
        <variable name="VariableValue" property="VariableValue">STATERESTORE</variable>
      </defaultVarList>
      <action>cscript.exe "%SCRIPTROOT%\ZTISetVariable.wsf"</action>
    </step>
    <step type="SMS_TaskSequence_RunCommandLineAction" name="Copy Scripts" description="" disable="false" continueOnError="false" startIn="" successCodeList="0 3010" runIn="WinPEandFullOS">
      <defaultVarList>
        <variable name="PackageID" property="PackageID" />
        <variable name="RunAsUser" property="RunAsUser">false</variable>
        <variable name="SMSTSRunCommandLineUserName" property="SMSTSRunCommandLineUserName"></variable>
        <variable name="SMSTSRunCommandLineUserPassword" property="SMSTSRunCommandLineUserPassword"></variable>
        <variable name="LoadProfile" property="LoadProfile">false</variable>
      </defaultVarList>
      <action>cscript.exe "%SCRIPTROOT%\LTICopyScripts.wsf"</action>
    </step>
    <step type="SMS_TaskSequence_RunCommandLineAction" name="Create Data Partition" description="" disable="false" continueOnError="false" startIn="" successCodeList="0 3010" runIn="WinPEandFullOS">
      <defaultVarList>
        <variable name="PackageID" property="PackageID" />
        <variable name="RunAsUser" property="RunAsUser">false</variable>
        <variable name="SMSTSRunCommandLineUserName" property="SMSTSRunCommandLineUserName"></variable>
        <variable name="SMSTSRunCommandLineUserPassword" property="SMSTSRunCommandLineUserPassword"></variable>
        <variable name="LoadProfile" property="LoadProfile">false</variable>
      </defaultVarList>
      <action>diskpart /s "%scriptroot%\DataPartition.txt"</action>
    </step>
    <step type="BDD_InstallApplication" name="Configure - Set Administrator Autologon in Domain" description="" disable="false" continueOnError="false" runIn="WinPEandFullOS" successCodeList="0 3010">
      <defaultVarList>
        <variable name="ApplicationGUID" property="ApplicationGUID">{ff0981c9-5d79-4eae-b78f-6d9599cab3fa}</variable>
        <variable name="ApplicationSuccessCodes" property="ApplicationSuccessCodes">0 3010</variable>
      </defaultVarList>
      <action>cscript.exe "%SCRIPTROOT%\ZTIApplications.wsf"</action>
    </step>
    <step type="SMS_TaskSequence_RebootAction" name="Restart computer" description="" disable="false" continueOnError="false" runIn="WinPEandFullOS" successCodeList="0 3010">
      <defaultVarList>
        <variable name="SMSRebootMessage" property="Message" />
        <variable name="SMSRebootTimeout" property="MessageTimeout">60</variable>
        <variable name="SMSRebootTarget" property="Target" />
      </defaultVarList>
      <action>smsboot.exe /target:WinPE</action>
    </step>
    <step type="BDD_InstallApplication" name="Install - BGInfo" disable="false" continueOnError="false" successCodeList="0 3010" description="" startIn="">
      <action>cscript.exe "%SCRIPTROOT%\ZTIApplications.wsf"</action>
      <defaultVarList>
        <variable name="ApplicationGUID" property="ApplicationGUID">{95c2a915-8eda-40db-8bfe-2becb7e0983a}</variable>
        <variable name="ApplicationSuccessCodes" property="ApplicationSuccessCodes">0 3010</variable>
      </defaultVarList>
    </step>
  </group>
  <group expand="true" name="Install NET Framework" description="" disable="false" continueOnError="false">
    <step type="SMS_TaskSequence_SetVariableAction" name="Set WindowsSource" description="Fix a bug in MDT 2013 U1: The install Roles and Features fails when using offline media and having multiple partitions if this is not set." disable="false" continueOnError="false" successCodeList="0 3010">
      <defaultVarList>
        <variable name="VariableName" property="VariableName">WindowsSource</variable>
        <variable name="VariableValue" property="VariableValue">%DEPLOYROOT%\Operating Systems\WS2012R2\sources\sxs</variable>
      </defaultVarList>
      <action>cscript.exe "%SCRIPTROOT%\ZTISetVariable.wsf"</action>
    </step>
    <step type="BDD_InstallRoles" name="Install .NET Framework 3.5.1" description="Includes 2.0 and 3.0" disable="false" continueOnError="false" runIn="WinPEandFullOS" successCodeList="0 3010">
      <defaultVarList>
        <variable name="OSRoleIndex" property="OSRoleIndex">11</variable>
        <variable name="OSRoles" property="OSRoles"></variable>
        <variable name="OSRoleServices" property="OSRoleServices"></variable>
        <variable name="OSFeatures" property="OSFeatures">NET-Framework-Core</variable>
      </defaultVarList>
      <action>cscript.exe "%SCRIPTROOT%\ZTIOSRole.wsf"</action>
    </step>
    <step type="BDD_InstallRoles" name="Install .NET Framework 4.5" description="Includes 4.0" disable="false" continueOnError="false" runIn="WinPEandFullOS" successCodeList="0 3010">
      <defaultVarList>
        <variable name="OSRoleIndex" property="OSRoleIndex">11</variable>
        <variable name="OSRoles" property="OSRoles"></variable>
        <variable name="OSRoleServices" property="OSRoleServices"></variable>
        <variable name="OSFeatures" property="OSFeatures">NET-Framework-45-Core</variable>
      </defaultVarList>
      <action>cscript.exe "%SCRIPTROOT%\ZTIOSRole.wsf"</action>
    </step>
    <step name="Pause" description="Useful script when debugging task sequences." disable="true" continueOnError="false" startIn="" successCodeList="0 3010">
      <action>cscript.exe "%SCRIPTROOT%\ZTIPause.vbs"</action>
      <condition></condition>
      <defaultVarList>
        <variable name="RunAsUser" property="RunAsUser">false</variable>
        <variable name="SMSTSRunCommandLineUserName" property="SMSTSRunCommandLineUserName"></variable>
        <variable name="SMSTSRunCommandLineUserPassword" property="SMSTSRunCommandLineUserPassword"></variable>
        <variable name="LoadProfile" property="LoadProfile">false</variable>
      </defaultVarList>
    </step>
    <step type="SMS_TaskSequence_RebootAction" name="Restart computer" description="" disable="false" continueOnError="false" runIn="WinPEandFullOS" successCodeList="0 3010">
      <defaultVarList>
        <variable name="SMSRebootMessage" property="Message" />
        <variable name="SMSRebootTimeout" property="MessageTimeout">60</variable>
        <variable name="SMSRebootTarget" property="Target" />
      </defaultVarList>
      <action>smsboot.exe /target:WinPE</action>
    </step>
    <action />
  </group>
  <group expand="true" name="Install WDS" description="" disable="false" continueOnError="false">
    <action />
    <step type="BDD_InstallRoles" name="Install - WDS" description="" disable="false" continueOnError="false" runIn="WinPEandFullOS" successCodeList="0 3010">
      <defaultVarList>
        <variable name="OSRoleIndex" property="OSRoleIndex">11</variable>
        <variable name="OSRoles" property="OSRoles">WDS</variable>
        <variable name="OSRoleServices" property="OSRoleServices">WDS-Deployment,WDS-Transport</variable>
        <variable name="OSFeatures" property="OSFeatures"></variable>
      </defaultVarList>
      <action>cscript.exe "%SCRIPTROOT%\ZTIOSRole.wsf"</action>
    </step>
    <step type="SMS_TaskSequence_RebootAction" name="Restart computer" description="" disable="false" continueOnError="false" runIn="WinPEandFullOS" successCodeList="0 3010">
      <defaultVarList>
        <variable name="SMSRebootMessage" property="Message" />
        <variable name="SMSRebootTimeout" property="MessageTimeout">60</variable>
        <variable name="SMSRebootTarget" property="Target" />
      </defaultVarList>
      <action>smsboot.exe /target:WinPE</action>
    </step>
    <step type="BDD_InstallApplication" name="Configure - WDS" description="" disable="false" continueOnError="false" runIn="WinPEandFullOS" successCodeList="0 3010">
      <defaultVarList>
        <variable name="ApplicationGUID" property="ApplicationGUID">{7406e0f9-1a51-43cb-9b48-a3d112dbd661}</variable>
        <variable name="ApplicationSuccessCodes" property="ApplicationSuccessCodes">0 3010</variable>
      </defaultVarList>
      <action>cscript.exe "%SCRIPTROOT%\ZTIApplications.wsf"</action>
    </step>
  </group>
  <group expand="true" name="Install Web Server (IIS)" description="" disable="false" continueOnError="false">
    <action />
    <step type="BDD_InstallRoles" name="Install ConfigMgr Prereqs" description="Install BITS, Remote Differential Compression, Web Server, and additional NET features" disable="false" continueOnError="false" runIn="WinPEandFullOS" successCodeList="0 3010">
      <defaultVarList>
        <variable name="OSRoles" property="OSRoles">Web-Server</variable>
        <variable name="OSRoleServices" property="OSRoleServices">FS-FileServer,Web-Mgmt-Tools,Web-Mgmt-Console,Web-Mgmt-Compat,Web-Metabase,Web-WMI,Web-WebServer,Web-Common-Http,Web-Default-Doc,Web-Dir-Browsing,Web-Http-Errors,Web-Static-Content,Web-Http-Redirect,Web-Health,Web-Http-Logging,Web-Log-Libraries,Web-Request-Monitor,Web-Http-Tracing,Web-Performance,Web-Stat-Compression,Web-Dyn-Compression,Web-Security,Web-Filtering,Web-Windows-Auth,Web-App-Dev,Web-Net-Ext,Web-Net-Ext45,Web-Asp-Net,Web-Asp-Net45,Web-ISAPI-Ext,Web-ISAPI-Filter</variable>
        <variable name="OSFeatures" property="OSFeatures">NET-HTTP-Activation,NET-Non-HTTP-Activ,NET-Framework-45-ASPNET,NET-WCF-HTTP-Activation45,BITS,RDC</variable>
        <variable name="OSRoleIndex" property="OSRoleIndex">11</variable>
      </defaultVarList>
      <action>cscript.exe "%SCRIPTROOT%\ZTIOSRole.wsf"</action>
      <condition />
    </step>
    <step type="SMS_TaskSequence_RebootAction" name="Restart computer" description="" disable="false" continueOnError="false" runIn="WinPEandFullOS" successCodeList="0 3010">
      <defaultVarList>
        <variable name="SMSRebootMessage" property="Message" />
        <variable name="SMSRebootTimeout" property="MessageTimeout">60</variable>
        <variable name="SMSRebootTarget" property="Target" />
      </defaultVarList>
      <action>smsboot.exe /target:WinPE</action>
    </step>
  </group>
  <group expand="true" name="Install ADK" description="" disable="false" continueOnError="false">
    <action />
    <step type="BDD_InstallApplication" name="Install - Windows ADK 10" description="" disable="false" continueOnError="false" runIn="WinPEandFullOS" successCodeList="0 3010">
      <defaultVarList>
        <variable name="ApplicationGUID" property="ApplicationGUID">{6e928f4d-c7ac-4657-9582-06431dbf923a}</variable>
        <variable name="ApplicationSuccessCodes" property="ApplicationSuccessCodes">0 3010</variable>
      </defaultVarList>
      <action>cscript.exe "%SCRIPTROOT%\ZTIApplications.wsf"</action>
    </step>
  </group>
  <group expand="true" name="Install SQL Server 2014 SP1" description="" disable="false" continueOnError="false">
    <action />
    <step type="BDD_InstallApplication" name="Install - SQL Server 2014 SP1" description="" disable="false" continueOnError="false" runIn="WinPEandFullOS" successCodeList="0 3010">
      <defaultVarList>
        <variable name="ApplicationGUID" property="ApplicationGUID">{85ee88a9-bb47-43db-848d-7fbaabae2486}</variable>
        <variable name="ApplicationSuccessCodes" property="ApplicationSuccessCodes">0 3010</variable>
      </defaultVarList>
      <action>cscript.exe "%SCRIPTROOT%\ZTIApplications.wsf"</action>
    </step>
    <step type="BDD_InstallApplication" name="Configure - Open Firewall for SQL Server Communication" description="" disable="false" continueOnError="false" runIn="WinPEandFullOS" successCodeList="0 3010">
      <defaultVarList>
        <variable name="ApplicationGUID" property="ApplicationGUID">{d6e4680b-02d2-4226-b87c-b0018ecabd3c}</variable>
        <variable name="ApplicationSuccessCodes" property="ApplicationSuccessCodes">0 3010</variable>
      </defaultVarList>
      <action>cscript.exe "%SCRIPTROOT%\ZTIApplications.wsf"</action>
    </step>
    <step type="BDD_InstallApplication" name="Configure - Set SQL Server Memory Usage" description="" disable="false" continueOnError="false" runIn="WinPEandFullOS" successCodeList="0 3010">
      <defaultVarList>
        <variable name="ApplicationGUID" property="ApplicationGUID">{5bd74007-fd53-4e71-84e4-cc0a6af6ca43}</variable>
        <variable name="ApplicationSuccessCodes" property="ApplicationSuccessCodes">0 3010</variable>
      </defaultVarList>
      <action>cscript.exe "%SCRIPTROOT%\ZTIApplications.wsf"</action>
    </step>
    <step type="SMS_TaskSequence_RebootAction" name="Restart computer" description="" disable="false" continueOnError="false" runIn="WinPEandFullOS" successCodeList="0 3010">
      <defaultVarList>
        <variable name="SMSRebootMessage" property="Message" />
        <variable name="SMSRebootTimeout" property="MessageTimeout">60</variable>
        <variable name="SMSRebootTarget" property="Target" />
      </defaultVarList>
      <action>smsboot.exe /target:WinPE</action>
    </step>
  </group>
  <group expand="true" name="Install ConfigMgr" description="" disable="false" continueOnError="false">
    <action />
    <step type="BDD_InstallApplication" name="Configure - Extend AD for ConfigMgr" description="" disable="false" continueOnError="false" runIn="WinPEandFullOS" successCodeList="0 3010">
      <defaultVarList>
        <variable name="ApplicationGUID" property="ApplicationGUID">{c3dc1db0-c4fd-40fc-a0f0-e26254378004}</variable>
        <variable name="ApplicationSuccessCodes" property="ApplicationSuccessCodes">0 3010</variable>
      </defaultVarList>
      <action>cscript.exe "%SCRIPTROOT%\ZTIApplications.wsf"</action>
      <condition />
    </step>
    <step type="BDD_InstallApplication" name="Configure - Set AD permissions for ConfigMgr" description="" disable="false" continueOnError="false" runIn="WinPEandFullOS" successCodeList="0 3010">
      <defaultVarList>
        <variable name="ApplicationGUID" property="ApplicationGUID">{0662217c-5eaa-49d8-a93f-e9a1a84ecef4}</variable>
        <variable name="ApplicationSuccessCodes" property="ApplicationSuccessCodes">0 3010</variable>
      </defaultVarList>
      <action>cscript.exe "%SCRIPTROOT%\ZTIApplications.wsf"</action>
    </step>
    <step type="BDD_InstallApplication" name="Install - ConfigMgr" description="" disable="false" continueOnError="false" runIn="WinPEandFullOS" successCodeList="0 3010">
      <defaultVarList>
        <variable name="ApplicationGUID" property="ApplicationGUID">{002ee88f-e4d3-49d9-bda1-5308bafd996f}</variable>
        <variable name="ApplicationSuccessCodes" property="ApplicationSuccessCodes">0 3010</variable>
      </defaultVarList>
      <action>cscript.exe "%SCRIPTROOT%\ZTIApplications.wsf"</action>
    </step>
    <condition />
  </group>
  <group expand="true" name="Final Cleanup" description="" disable="false" continueOnError="false">
    <action />
    <step type="BDD_InstallApplication" name="Configure - Final Cleanup" description="" disable="false" continueOnError="false" runIn="WinPEandFullOS" successCodeList="0 3010">
      <defaultVarList>
        <variable name="ApplicationGUID" property="ApplicationGUID">{3359c71b-812d-460d-9925-2eb74223878b}</variable>
        <variable name="ApplicationSuccessCodes" property="ApplicationSuccessCodes">0 3010</variable>
      </defaultVarList>
      <action>cscript.exe "%SCRIPTROOT%\ZTIApplications.wsf"</action>
    </step>
  </group>
</sequence>